[{"id":"1701","province_id":"17","name":"Kabupaten Bengkulu Selatan"},{"id":"1702","province_id":"17","name":"Kabupaten Rejang Lebong"},{"id":"1703","province_id":"17","name":"Kabupaten Bengkulu Utara"},{"id":"1704","province_id":"17","name":"Kabupaten Kaur"},{"id":"1705","province_id":"17","name":"Kabupaten Seluma"},{"id":"1706","province_id":"17","name":"Kabupaten Mukomuko"},{"id":"1707","province_id":"17","name":"Kabupaten Lebong"},{"id":"1708","province_id":"17","name":"Kabupaten Kepahiang"},{"id":"1709","province_id":"17","name":"Kabupaten Bengkulu Tengah"},{"id":"1771","province_id":"17","name":"Kota Bengkulu"}]