[{"id":"7401","province_id":"74","name":"Kabupaten Kolaka"},{"id":"7402","province_id":"74","name":"Kabupaten Konawe"},{"id":"7403","province_id":"74","name":"Kabupaten Muna"},{"id":"7404","province_id":"74","name":"Kabupaten Buton"},{"id":"7405","province_id":"74","name":"Kabupaten Konawe Selatan"},{"id":"7406","province_id":"74","name":"Kabupaten Bombana"},{"id":"7407","province_id":"74","name":"Kabupaten Wakatobi"},{"id":"7408","province_id":"74","name":"Kabupaten Kolaka Utara"},{"id":"7409","province_id":"74","name":"Kabupaten Konawe Utara"},{"id":"7410","province_id":"74","name":"Kabupaten Buton Utara"},{"id":"7411","province_id":"74","name":"Kabupaten Kolaka Timur"},{"id":"7412","province_id":"74","name":"Kabupaten Konawe Kepulauan"},{"id":"7413","province_id":"74","name":"Kabupaten Muna Barat"},{"id":"7414","province_id":"74","name":"Kabupaten Buton Tengah"},{"id":"7415","province_id":"74","name":"Kabupaten Buton Selatan"},{"id":"7471","province_id":"74","name":"Kota Kendari"},{"id":"7472","province_id":"74","name":"Kota Bau Bau"}]