[{"id":"8101","province_id":"81","name":"Kabupaten Maluku Tengah"},{"id":"8102","province_id":"81","name":"Kabupaten Maluku Tenggara"},{"id":"8103","province_id":"81","name":"Kabupaten Kepulauan Tanimbar"},{"id":"8104","province_id":"81","name":"Kabupaten Buru"},{"id":"8105","province_id":"81","name":"Kabupaten Seram Bagian Timur"},{"id":"8106","province_id":"81","name":"Kabupaten Seram Bagian Barat"},{"id":"8107","province_id":"81","name":"Kabupaten Kepulauan Aru"},{"id":"8108","province_id":"81","name":"Kabupaten Maluku Barat Daya"},{"id":"8109","province_id":"81","name":"Kabupaten Buru Selatan"},{"id":"8171","province_id":"81","name":"Kota Ambon"},{"id":"8172","province_id":"81","name":"Kota Tual"}]