[{"id":"9103","province_id":"91","name":"Kabupaten Jayapura"},{"id":"9105","province_id":"91","name":"Kabupaten Kepulauan Yapen"},{"id":"9106","province_id":"91","name":"Kabupaten Biak Numfor"},{"id":"9110","province_id":"91","name":"Kabupaten Sarmi"},{"id":"9111","province_id":"91","name":"Kabupaten Keerom"},{"id":"9115","province_id":"91","name":"Kabupaten Waropen"},{"id":"9119","province_id":"91","name":"Kabupaten Supiori"},{"id":"9120","province_id":"91","name":"Kabupaten Mamberamo Raya"},{"id":"9171","province_id":"91","name":"Kota Jayapura"}]