[{"id":"1101","province_id":"11","name":"Kabupaten Aceh Selatan"},{"id":"1102","province_id":"11","name":"Kabupaten Aceh Tenggara"},{"id":"1103","province_id":"11","name":"Kabupaten Aceh Timur"},{"id":"1104","province_id":"11","name":"Kabupaten Aceh Tengah"},{"id":"1105","province_id":"11","name":"Kabupaten Aceh Barat"},{"id":"1106","province_id":"11","name":"Kabupaten Aceh Besar"},{"id":"1107","province_id":"11","name":"Kabupaten Pidie"},{"id":"1108","province_id":"11","name":"Kabupaten Aceh Utara"},{"id":"1109","province_id":"11","name":"Kabupaten Simeulue"},{"id":"1110","province_id":"11","name":"Kabupaten Aceh Singkil"},{"id":"1111","province_id":"11","name":"Kabupaten Bireuen"},{"id":"1112","province_id":"11","name":"Kabupaten Aceh Barat Daya"},{"id":"1113","province_id":"11","name":"Kabupaten Gayo Lues"},{"id":"1114","province_id":"11","name":"Kabupaten Aceh Jaya"},{"id":"1115","province_id":"11","name":"Kabupaten Nagan Raya"},{"id":"1116","province_id":"11","name":"Kabupaten Aceh Tamiang"},{"id":"1117","province_id":"11","name":"Kabupaten Bener Meriah"},{"id":"1118","province_id":"11","name":"Kabupaten Pidie Jaya"},{"id":"1171","province_id":"11","name":"Kota Banda Aceh"},{"id":"1172","province_id":"11","name":"Kota Sabang"},{"id":"1173","province_id":"11","name":"Kota Lhokseumawe"},{"id":"1174","province_id":"11","name":"Kota Langsa"},{"id":"1175","province_id":"11","name":"Kota Subulussalam"}]