[{"id":"3201","province_id":"32","name":"Kabupaten Bogor"},{"id":"3202","province_id":"32","name":"Kabupaten Sukabumi"},{"id":"3203","province_id":"32","name":"Kabupaten Cianjur"},{"id":"3204","province_id":"32","name":"Kabupaten Bandung"},{"id":"3205","province_id":"32","name":"Kabupaten Garut"},{"id":"3206","province_id":"32","name":"Kabupaten Tasikmalaya"},{"id":"3207","province_id":"32","name":"Kabupaten Ciamis"},{"id":"3208","province_id":"32","name":"Kabupaten Kuningan"},{"id":"3209","province_id":"32","name":"Kabupaten Cirebon"},{"id":"3210","province_id":"32","name":"Kabupaten Majalengka"},{"id":"3211","province_id":"32","name":"Kabupaten Sumedang"},{"id":"3212","province_id":"32","name":"Kabupaten Indramayu"},{"id":"3213","province_id":"32","name":"Kabupaten Subang"},{"id":"3214","province_id":"32","name":"Kabupaten Purwakarta"},{"id":"3215","province_id":"32","name":"Kabupaten Karawang"},{"id":"3216","province_id":"32","name":"Kabupaten Bekasi"},{"id":"3217","province_id":"32","name":"Kabupaten Bandung Barat"},{"id":"3218","province_id":"32","name":"Kabupaten Pangandaran"},{"id":"3271","province_id":"32","name":"Kota Bogor"},{"id":"3272","province_id":"32","name":"Kota Sukabumi"},{"id":"3273","province_id":"32","name":"Kota Bandung"},{"id":"3274","province_id":"32","name":"Kota Cirebon"},{"id":"3275","province_id":"32","name":"Kota Bekasi"},{"id":"3276","province_id":"32","name":"Kota Depok"},{"id":"3277","province_id":"32","name":"Kota Cimahi"},{"id":"3278","province_id":"32","name":"Kota Tasikmalaya"},{"id":"3279","province_id":"32","name":"Kota Banjar"}]