[{"id":"5201","province_id":"52","name":"Kabupaten Lombok Barat"},{"id":"5202","province_id":"52","name":"Kabupaten Lombok Tengah"},{"id":"5203","province_id":"52","name":"Kabupaten Lombok Timur"},{"id":"5204","province_id":"52","name":"Kabupaten Sumbawa"},{"id":"5205","province_id":"52","name":"Kabupaten Dompu"},{"id":"5206","province_id":"52","name":"Kabupaten Bima"},{"id":"5207","province_id":"52","name":"Kabupaten Sumbawa Barat"},{"id":"5208","province_id":"52","name":"Kabupaten Lombok Utara"},{"id":"5271","province_id":"52","name":"Kota Mataram"},{"id":"5272","province_id":"52","name":"Kota Bima"}]