[{"id":"5301","province_id":"53","name":"Kabupaten Kupang"},{"id":"5302","province_id":"53","name":"Kabupaten Timor Tengah Selatan"},{"id":"5303","province_id":"53","name":"Kabupaten Timor Tengah Utara"},{"id":"5304","province_id":"53","name":"Kabupaten Belu"},{"id":"5305","province_id":"53","name":"Kabupaten Alor"},{"id":"5306","province_id":"53","name":"Kabupaten Flores Timur"},{"id":"5307","province_id":"53","name":"Kabupaten Sikka"},{"id":"5308","province_id":"53","name":"Kabupaten Ende"},{"id":"5309","province_id":"53","name":"Kabupaten Ngada"},{"id":"5310","province_id":"53","name":"Kabupaten Manggarai"},{"id":"5311","province_id":"53","name":"Kabupaten Sumba Timur"},{"id":"5312","province_id":"53","name":"Kabupaten Sumba Barat"},{"id":"5313","province_id":"53","name":"Kabupaten Lembata"},{"id":"5314","province_id":"53","name":"Kabupaten Rote Ndao"},{"id":"5315","province_id":"53","name":"Kabupaten Manggarai Barat"},{"id":"5316","province_id":"53","name":"Kabupaten Nagekeo"},{"id":"5317","province_id":"53","name":"Kabupaten Sumba Tengah"},{"id":"5318","province_id":"53","name":"Kabupaten Sumba Barat Daya"},{"id":"5319","province_id":"53","name":"Kabupaten Manggarai Timur"},{"id":"5320","province_id":"53","name":"Kabupaten Sabu Raijua"},{"id":"5321","province_id":"53","name":"Kabupaten Malaka"},{"id":"5371","province_id":"53","name":"Kota Kupang"}]