[{"id":"7201","province_id":"72","name":"Kabupaten Banggai"},{"id":"7202","province_id":"72","name":"Kabupaten Poso"},{"id":"7203","province_id":"72","name":"Kabupaten Donggala"},{"id":"7204","province_id":"72","name":"Kabupaten Toli-Toli"},{"id":"7205","province_id":"72","name":"Kabupaten Buol"},{"id":"7206","province_id":"72","name":"Kabupaten Morowali"},{"id":"7207","province_id":"72","name":"Kabupaten Banggai Kepulauan"},{"id":"7208","province_id":"72","name":"Kabupaten Parigi Moutong"},{"id":"7209","province_id":"72","name":"Kabupaten Tojo Una Una"},{"id":"7210","province_id":"72","name":"Kabupaten Sigi"},{"id":"7211","province_id":"72","name":"Kabupaten Banggai Laut"},{"id":"7212","province_id":"72","name":"Kabupaten Morowali Utara"},{"id":"7271","province_id":"72","name":"Kota Palu"}]